<?xml version="1.0" encoding="UTF-8"?>
<module xmlns="urn:jboss:module:1.3" name="biz.paluch.logging">

    <resources>
        <artifact name="biz.paluch.logging:logstash-gelf:1.14.1" />
        <artifact name="redis.clients:jedis:3.2.0" />
        <artifact name="org.apache.commons:commons-pool2:2.7.0" />
    </resources>

    <dependencies>
        <module name="org.apache.log4j" />
        <module name="org.slf4j" />
        <module name="javax.api" />
        <module name="org.jboss.logmanager" />
    </dependencies>
</module>
