<?xml version="1.0" encoding="UTF-8"?>
<module xmlns="urn:jboss:module:1.1" name="biz.paluch.logging">

    <resources>
        <resource-root path="logstash-gelf-1.14.1.jar" />
        <resource-root path="jedis-3.2.0.jar" />
        <resource-root path="commons-pool2-2.7.0.jar" />
    </resources>

    <dependencies>
        <module name="org.apache.log4j" />
        <module name="org.slf4j" />
        <module name="javax.api" />
        <module name="org.jboss.logmanager" />
    </dependencies>
</module>
